-- phpMyAdmin SQL Dump
-- version 5.2.1
-- https://www.phpmyadmin.net/
--
-- Host: 127.0.0.1
-- Generation Time: Oct 16, 2025 at 06:49 PM
-- Server version: 10.4.32-MariaDB
-- PHP Version: 8.1.25

SET SQL_MODE = "NO_AUTO_VALUE_ON_ZERO";
START TRANSACTION;
SET time_zone = "+00:00";


/*!40101 SET @OLD_CHARACTER_SET_CLIENT=@@CHARACTER_SET_CLIENT */;
/*!40101 SET @OLD_CHARACTER_SET_RESULTS=@@CHARACTER_SET_RESULTS */;
/*!40101 SET @OLD_COLLATION_CONNECTION=@@COLLATION_CONNECTION */;
/*!40101 SET NAMES utf8mb4 */;

--
-- Database: `hoteldata`
--

-- --------------------------------------------------------

--
-- Table structure for table `customer`
--

CREATE TABLE `customer` (
  `MAKH` varchar(50) NOT NULL,
  `HOTEN` varchar(255) NOT NULL,
  `CCCD` varchar(25) NOT NULL,
  `SDT` varchar(25) NOT NULL,
  `EMAIL` varchar(50) NOT NULL,
  `PASS` mediumtext NOT NULL,
  `USERNAME` varchar(500) NOT NULL
) ENGINE=InnoDB DEFAULT CHARSET=utf8 COLLATE=utf8_general_ci;

--
-- Dumping data for table `customer`
--

INSERT INTO `customer` (`MAKH`, `HOTEN`, `CCCD`, `SDT`, `EMAIL`, `PASS`, `USERNAME`) VALUES
('23320240603120040', 'Le Thi Vy', '049205010484', '0329949233', 'Hanhle.06111988@gmail.com', 'dnlhc2RmZ2hqa2w=', 'levi'),
('28020240603102409', 'Ho Nguyen Khanh', '049234235332', '0343737280', 'claudehuy29@gmail.com', 'a2hhbmhhc2RmZ2hqa2w=', 'nguyenkhanh'),
('34320240603115131', 'Vo Thi Thao Ly', '049205012043', '0238942343', 'lyvo.010905@gmail.com', 'bHlhc2RmZ2hqa2w=', 'thaoly'),
('39420250506152702', 'Trần Thị Ngọc Mai', '049206008625', '0392840394', 'maittn.24itb@vku.udn.vn', 'bm9jYWltMTAxYXNkZmdoamts', 'ochna'),
('49320250423191933', 'Tran Thi Ngoc Mai', '049306008609', '0392840493', 'maittn.24itb@vku.udn.vn', 'bm9jYWltMTAxYXNkZmdoamts', 'nomai'),
('51320240603095925', 'Vo Thanh Nam', '049205013424', '0324243513', 'quansang104@gmail.com', 'bmFtYXNkZmdoamts', 'thanhnam'),
('59820240603095248', 'Ngo Huynh Loc', '049205013098', '0789454598', 'claudehuy29@gmail.com', 'bG9jYXNkZmdoamts', 'huynhloc'),
('82920250506233905', 'Trần Thị Ngọc Mai', '049308048028', '089475829', 'maitran122333a@gmail.com', 'dHJhbnRoaW5nb2NtYWlhc2RmZ2hqa2w=', 'ttnmai'),
('93220250506230806', 'Trần Thị Vy Trúc', '049304887937', '0395373932', 'tt161891@gmail.com', 'dHJhbnRoaXZ5dHJ1Y2FzZGZnaGprbA==', 'ttvtruc'),
('98520250506155928', 'Trần Thảo Vy', '049306889671', '0392840985', 'tranthaovy.2326@gmail.com', 'dHJhbnRoYW92eWFzZGZnaGprbA==', 'ttvy');

-- --------------------------------------------------------

--
-- Table structure for table `datphong`
--

CREATE TABLE `datphong` (
  `MADP` varchar(255) NOT NULL,
  `MAKH` varchar(50) NOT NULL,
  `MAPHONG` int(10) NOT NULL,
  `NGAYGIOVP` varchar(50) NOT NULL,
  `NGAYGIOTP` varchar(50) NOT NULL,
  `CHIPHI` int(255) NOT NULL
) ENGINE=InnoDB DEFAULT CHARSET=utf8 COLLATE=utf8_general_ci;

--
-- Dumping data for table `datphong`
--

INSERT INTO `datphong` (`MADP`, `MAKH`, `MAPHONG`, `NGAYGIOVP`, `NGAYGIOTP`, `CHIPHI`) VALUES
('12337', '76520250506230401', 101, '23:04:01 06/05/2025', '23:04:34 06/05/2025', 1200000),
('12653', '98520250506155928', 101, '10:14:58 13/05/2025', '10:15:45 13/05/2025', 1600000),
('12786', '78920250625031042', 101, '03:10:42 25/06/2025', '03:10:44 25/06/2025', 400000),
('14350', '39420250506152702', 203, '15:27:53 06/05/2025', '15:28:21 06/05/2025', 1800000),
('16559', '89120250506225916', 103, '22:59:16 06/05/2025', '22:59:37 06/05/2025', 800000),
('23032', '84320250506225822', 101, '22:58:22 06/05/2025', '22:58:40 06/05/2025', 800000),
('25247', '28520250527013652', 101, '01:36:52 27/05/2025', '01:36:54 27/05/2025', 400000),
('25356', '49320250423191933', 302, '19:20:24 23/04/2025', '19:20:44 23/04/2025', 1600000),
('28641', '78920250625023330', 101, '02:33:30 25/06/2025', '02:33:32 25/06/2025', 400000),
('33549', '39420250506152702', 104, '16:15:23 06/05/2025', '16:15:25 06/05/2025', 400000),
('35474', '35320250507234447', 202, '23:44:47 07/05/2025', '23:45:03 07/05/2025', 1200000),
('37317', '58920250622170957', 101, '17:09:57 22/06/2025', '17:10:30 22/06/2025', 1200000),
('40695', '49320250423191933', 303, '13:27:05 24/04/2025', '13:27:25 24/04/2025', 1600000),
('42731', '71920250529015923', 101, '01:59:23 29/05/2025', '01:59:24 29/05/2025', 400000),
('45253', '82920250506233905', 103, '00:13:12 14/05/2025', '00:23:49 14/05/2025', 21600000),
('46728', '98520250506155928', 103, '16:13:27 06/05/2025', '16:15:32 06/05/2025', 4400000),
('47588', '39120250528082041', 101, '08:20:41 28/05/2025', '08:20:52 28/05/2025', 400000),
('48104', '20420250513113746', 101, '11:37:48 13/05/2025', '11:37:51 13/05/2025', 400000),
('56368', '02320250527011223', 102, '01:12:23 27/05/2025', '01:13:40 27/05/2025', 2800000),
('57457', '13820250506152859', 103, '15:28:59 06/05/2025', '15:29:06 06/05/2025', 400000),
('60547', '23320250423191004', 101, '19:10:04 23/04/2025', '19:10:24 23/04/2025', 800000),
('61606', '92720250527015329', 101, '01:53:29 27/05/2025', '01:53:58 27/05/2025', 1200000),
('62721', '67820250515135950', 101, '13:59:50 15/05/2025', '13:59:54 15/05/2025', 400000),
('64149', '39420250513233442', 101, '23:34:42 13/05/2025', '23:37:12 13/05/2025', 5200000),
('65135', '81720250513232348', 102, '23:23:48 13/05/2025', '23:38:37 13/05/2025', 30000000),
('69264', '28420250428092850', 101, '09:28:50 28/04/2025', '09:29:04 28/04/2025', 800000),
('69829', '98520250506155928', 303, '16:09:37 06/05/2025', '16:10:02 06/05/2025', 2400000),
('69861', '82920250506233905', 104, '00:17:28 14/05/2025', '00:23:55 14/05/2025', 13200000),
('75609', '01320250506153000', 103, '15:30:00 06/05/2025', '15:30:21 06/05/2025', 800000),
('78769', '94020250527023824', 101, '02:38:24 27/05/2025', '02:38:44 27/05/2025', 800000),
('78941', '30420250527025424', 101, '02:54:24 27/05/2025', '02:54:47 27/05/2025', 800000),
('79547', '39420250527012629', 101, '01:26:29 27/05/2025', '01:26:33 27/05/2025', 400000),
('86720', '02720250527022552', 101, '02:25:52 27/05/2025', '02:26:11 27/05/2025', 800000),
('93237', '35320250423191254', 202, '19:12:54 23/04/2025', '19:13:49 23/04/2025', 3000000),
('94795', '39420250514002426', 103, '00:24:26 14/05/2025', '00:24:30 14/05/2025', 400000),
('95247', '35320250513113135', 203, '11:31:35 13/05/2025', '11:31:52 13/05/2025', 1200000),
('95371', '99520250528145158', 101, '14:51:58 28/05/2025', '14:52:09 28/05/2025', 400000);

-- --------------------------------------------------------

--
-- Table structure for table `dichvu`
--

CREATE TABLE `dichvu` (
  `MADV` int(1) NOT NULL,
  `TENDV` varchar(255) NOT NULL,
  `GIACA` int(255) NOT NULL
) ENGINE=InnoDB DEFAULT CHARSET=utf8 COLLATE=utf8_general_ci;

--
-- Dumping data for table `dichvu`
--

INSERT INTO `dichvu` (`MADV`, `TENDV`, `GIACA`) VALUES
(0, 'Nước lọc', 15000),
(1, 'Snack khoai tây', 20000),
(2, 'Coca/Pepsi', 20000),
(3, 'Rượu Vodka SMIRNOFF 700ML', 400000),
(4, 'Bánh KitKat', 25000),
(5, 'Nước Smartwater 500ML', 60000),
(6, 'Bia Heineken 250ML', 20000),
(7, 'Vang Ý Mango Tropical 750ML', 500000),
(8, 'Chivas Regal 18 Gold Signature 700ML', 1400000),
(9, 'Cho thuê xe tự lái', 700000),
(10, 'Dùng điểm tâm', 500000),
(11, 'Đưa đón sân bay', 200000),
(12, 'Trông trẻ', 300000),
(13, 'Tuần trăng mật', 3000000),
(14, 'Giặt ủi', 3000000),
(15, 'Spa', 1500000),
(16, 'Fitness', 200000);

-- --------------------------------------------------------

--
-- Table structure for table `phongks`
--

CREATE TABLE `phongks` (
  `MAPHONG` int(3) NOT NULL,
  `GIACA` int(11) NOT NULL,
  `TRANGTHAI` varchar(50) NOT NULL,
  `LoaiPhong` varchar(10) CHARACTER SET utf8 COLLATE utf8_general_ci NOT NULL
) ENGINE=InnoDB DEFAULT CHARSET=utf8mb4 COLLATE=utf8mb4_general_ci;

--
-- Dumping data for table `phongks`
--

INSERT INTO `phongks` (`MAPHONG`, `GIACA`, `TRANGTHAI`, `LoaiPhong`) VALUES
(101, 500000, 'TRONG', 'THƯỜNG'),
(102, 500000, 'TRONG', 'THƯỜNG'),
(103, 500000, 'TRONG', 'THƯỜNG'),
(104, 500000, 'TRONG', 'THƯỜNG'),
(201, 600000, 'TRONG', 'TRUNG'),
(202, 600000, 'TRONG', 'TRUNG'),
(203, 600000, 'TRONG', 'TRUNG'),
(204, 600000, 'TRONG', 'TRUNG'),
(301, 800000, 'TRONG', 'VIP'),
(302, 800000, 'TRONG', 'VIP'),
(303, 800000, 'TRONG', 'VIP'),
(304, 800000, 'TRONG', 'VIP');

-- --------------------------------------------------------

--
-- Table structure for table `sudungthemdichvu`
--

CREATE TABLE `sudungthemdichvu` (
  `MASDDV` varchar(225) NOT NULL,
  `MADP` varchar(225) NOT NULL,
  `MADV` int(11) NOT NULL,
  `SLDV` int(25) NOT NULL,
  `CHIPHI` int(50) NOT NULL
) ENGINE=InnoDB DEFAULT CHARSET=utf8 COLLATE=utf8_general_ci;

--
-- Dumping data for table `sudungthemdichvu`
--

INSERT INTO `sudungthemdichvu` (`MASDDV`, `MADP`, `MADV`, `SLDV`, `CHIPHI`) VALUES
('12337135', '12337', 16, 1, 6600000),
('12337212', '12337', 14, 1, 3300000),
('12337271', '12337', 11, 1, 6600000),
('12337322', '12337', 13, 1, 99000000),
('12337391', '12337', 2, 10, 200000),
('12337437', '12337', 12, 1, 9900000),
('12337523', '12337', 0, 10, 150000),
('12337567', '12337', 10, 1, 16500000),
('12337575', '12337', 2, 2, 40000),
('12337628', '12337', 15, 1, 49500000),
('12337904', '12337', 1, 10, 200000),
('12337953', '12337', 9, 1, 23100000),
('12653216', '12653', 13, 1, 141000000),
('12653249', '12653', 4, 1, 25000),
('12653450', '12653', 14, 1, 4700000),
('12653672', '12653', 4, 1, 25000),
('12653886', '12653', 0, 1, 15000),
('14350403', '14350', 7, 1, 500000),
('14350439', '14350', 4, 1, 25000),
('14350947', '14350', 7, 1, 500000),
('16559141', '16559', 3, 1, 400000),
('16559322', '16559', 7, 1, 500000),
('16559393', '16559', 7, 1, 500000),
('16559417', '16559', 9, 1, 14700000),
('16559418', '16559', 7, 1, 500000),
('16559488', '16559', 15, 1, 31500000),
('16559526', '16559', 10, 1, 10500000),
('16559570', '16559', 16, 1, 4200000),
('16559588', '16559', 13, 1, 63000000),
('16559637', '16559', 11, 1, 4200000),
('16559728', '16559', 3, 1, 400000),
('16559737', '16559', 3, 1, 400000),
('16559739', '16559', 5, 1, 60000),
('16559754', '16559', 12, 1, 6300000),
('16559789', '16559', 14, 1, 2100000),
('16559809', '16559', 3, 1, 400000),
('16559876', '16559', 5, 1, 60000),
('16559929', '16559', 3, 1, 400000),
('16559931', '16559', 7, 1, 500000),
('16559945', '16559', 3, 1, 400000),
('16559962', '16559', 3, 1, 400000),
('16559992', '16559', 7, 1, 500000),
('23032101', '23032', 7, 15, 7500000),
('23032128', '23032', 0, 1, 15000),
('23032148', '23032', 0, 1, 15000),
('23032577', '23032', 0, 1, 15000),
('23032691', '23032', 0, 1, 15000),
('23032824', '23032', 0, 1, 15000),
('23032834', '23032', 0, 1, 15000),
('23032858', '23032', 0, 1, 15000),
('25247279', '25247', 11, 1, 200000),
('25247479', '25247', 16, 1, 200000),
('25247487', '25247', 14, 1, 100000),
('25247518', '25247', 10, 1, 500000),
('25247566', '25247', 12, 1, 300000),
('25247721', '25247', 9, 1, 700000),
('25247860', '25247', 13, 1, 3000000),
('25247979', '25247', 15, 1, 1500000),
('25356298', '25356', 4, 1, 25000),
('25356526', '25356', 14, 1, 2000000),
('25356546', '25356', 7, 2, 1000000),
('25356590', '25356', 3, 1, 400000),
('25356910', '25356', 0, 1, 15000),
('25356939', '25356', 1, 1, 20000),
('35474147', '35474', 1, 8, 160000),
('35474269', '35474', 11, 1, 3200000),
('35474438', '35474', 7, 9, 4500000),
('35474444', '35474', 14, 1, 1600000),
('35474477', '35474', 16, 1, 3200000),
('35474596', '35474', 9, 1, 11200000),
('35474649', '35474', 12, 1, 4800000),
('35474804', '35474', 13, 1, 48000000),
('35474897', '35474', 10, 1, 8000000),
('35474912', '35474', 15, 1, 24000000),
('37317137', '37317', 5, 9, 540000),
('37317139', '37317', 15, 1, 1500000),
('37317175', '37317', 8, 47, 65800000),
('37317293', '37317', 16, 1, 200000),
('37317603', '37317', 9, 1, 700000),
('37317625', '37317', 0, 8, 120000),
('37317659', '37317', 14, 1, 100000),
('37317705', '37317', 11, 1, 200000),
('37317715', '37317', 0, 1, 15000),
('37317825', '37317', 10, 1, 500000),
('37317836', '37317', 12, 1, 300000),
('37317932', '37317', 13, 1, 3000000),
('37317982', '37317', 7, 18, 9000000),
('40695214', '40695', 11, 1, 4000000),
('40695258', '40695', 9, 1, 14000000),
('40695316', '40695', 6, 1, 20000),
('40695962', '40695', 12, 1, 6000000),
('45174177', '45174', 15, 1, 111000000),
('45174277', '45174', 11, 1, 14800000),
('45174313', '45174', 10, 1, 37000000),
('45174392', '45174', 12, 1, 22200000),
('45174663', '45174', 16, 1, 14800000),
('45174667', '45174', 9, 1, 51800000),
('45174696', '45174', 14, 1, 7400000),
('45174897', '45174', 13, 1, 222000000),
('45253146', '45253', 1, 1, 20000),
('46728133', '46728', 0, 1, 15000),
('46728152', '46728', 3, 1, 400000),
('46728763', '46728', 0, 1, 15000),
('47588173', '47588', 11, 1, 200000),
('47588416', '47588', 0, 1, 15000),
('47588529', '47588', 6, 1, 20000),
('47588708', '47588', 15, 1, 1500000),
('47588741', '47588', 16, 1, 200000),
('47588961', '47588', 3, 1, 400000),
('47870269', '47870', 4, 4, 100000),
('47870342', '47870', 6, 4, 80000),
('47870379', '47870', 14, 1, 14000000),
('47870392', '47870', 15, 1, 210000000),
('47870448', '47870', 12, 1, 42000000),
('47870586', '47870', 9, 1, 98000000),
('47870734', '47870', 16, 1, 28000000),
('56368969', '56368', 12, 1, 23100000),
('57457132', '57457', 0, 1, 15000),
('57457171', '57457', 4, 1, 25000),
('57457643', '57457', 11, 1, 1400000),
('60547576', '60547', 10, 1, 10000000),
('60547799', '60547', 2, 1, 20000),
('60547953', '60547', 9, 1, 14000000),
('61606236', '61606', 13, 1, 3000000),
('61606377', '61606', 14, 1, 100000),
('61606547', '61606', 16, 1, 200000),
('61606607', '61606', 0, 1, 15000),
('61606866', '61606', 9, 1, 700000),
('61606895', '61606', 10, 1, 500000),
('61606952', '61606', 11, 1, 200000),
('62721154', '62721', 15, 1, 6000000),
('62721359', '62721', 16, 1, 800000),
('62721476', '62721', 11, 1, 800000),
('62721532', '62721', 14, 1, 400000),
('62721565', '62721', 10, 1, 2000000),
('62721588', '62721', 12, 1, 1200000),
('62721978', '62721', 9, 1, 2800000),
('62721986', '62721', 13, 1, 12000000),
('64149121', '64149', 1, 1, 20000),
('64149257', '64149', 14, 1, 15000000),
('64149350', '64149', 15, 1, 225000000),
('64149574', '64149', 2, 1, 20000),
('64149750', '64149', 7, 1, 500000),
('65135178', '65135', 9, 1, 622300000),
('69264330', '69264', 9, 1, 9800000),
('69264336', '69264', 4, 1, 25000),
('69264917', '69264', 12, 1, 4200000),
('69829106', '69829', 5, 1, 60000),
('69829115', '69829', 1, 1, 20000),
('69829225', '69829', 9, 1, 17500000),
('69829309', '69829', 3, 1, 400000),
('69829381', '69829', 6, 1, 20000),
('69829395', '69829', 13, 1, 75000000),
('69829416', '69829', 15, 1, 37500000),
('75609121', '75609', 2, 1, 20000),
('75609209', '75609', 0, 1, 15000),
('75609236', '75609', 7, 1, 500000),
('75609349', '75609', 12, 1, 6300000),
('75609371', '75609', 15, 1, 31500000),
('75609456', '75609', 4, 1, 25000),
('75609612', '75609', 2, 1, 20000),
('75609632', '75609', 9, 1, 14700000),
('75609653', '75609', 13, 1, 63000000),
('75609799', '75609', 14, 1, 2100000),
('75609800', '75609', 7, 10, 5000000),
('75609885', '75609', 16, 1, 4200000),
('75609937', '75609', 7, 1, 500000),
('75609997', '75609', 10, 1, 10500000),
('78769323', '78769', 11, 1, 200000),
('78769439', '78769', 6, 3, 60000),
('78769519', '78769', 9, 1, 700000),
('78769716', '78769', 8, 3, 4200000),
('78769931', '78769', 15, 1, 1500000),
('78941181', '78941', 15, 1, 1500000),
('78941200', '78941', 10, 1, 500000),
('78941380', '78941', 4, 2, 50000),
('78941383', '78941', 13, 1, 3000000),
('78941540', '78941', 16, 1, 200000),
('78941543', '78941', 4, 1, 25000),
('78941632', '78941', 14, 1, 100000),
('78941648', '78941', 2, 1, 20000),
('78941776', '78941', 12, 1, 300000),
('86720107', '86720', 13, 1, 3000000),
('86720127', '86720', 15, 1, 1500000),
('86720164', '86720', 10, 1, 500000),
('86720282', '86720', 8, 1, 1400000),
('86720379', '86720', 11, 1, 200000),
('86720587', '86720', 14, 1, 100000),
('86720861', '86720', 12, 1, 300000),
('86720903', '86720', 16, 1, 200000),
('86720912', '86720', 9, 1, 700000),
('93237256', '93237', 6, 1, 20000),
('93237268', '93237', 11, 1, 11000000),
('93237289', '93237', 12, 1, 16500000),
('93237318', '93237', 1, 1, 20000),
('93237472', '93237', 6, 2, 40000),
('93237493', '93237', 10, 1, 27500000),
('93237578', '93237', 5, 4, 240000),
('93237645', '93237', 7, 1, 500000),
('93237771', '93237', 3, 2, 800000),
('93237870', '93237', 2, 3, 60000),
('93237890', '93237', 0, 4, 60000),
('93237911', '93237', 4, 1, 25000),
('94795346', '94795', 14, 1, 400000),
('94795347', '94795', 10, 1, 2000000),
('95247159', '95247', 1, 1, 20000),
('95247240', '95247', 11, 1, 3400000),
('95247251', '95247', 9, 1, 11900000),
('95247323', '95247', 10, 1, 8500000),
('95247506', '95247', 7, 1, 500000),
('95247630', '95247', 12, 1, 5100000),
('95247929', '95247', 3, 1, 400000),
('95371479', '95371', 15, 1, 1500000),
('95779168', '95779', 9, 1, 23100000),
('95779231', '95779', 7, 4, 2000000),
('95779255', '95779', 10, 1, 16500000),
('95779372', '95779', 12, 1, 9900000),
('95779375', '95779', 14, 1, 3300000),
('95779394', '95779', 5, 7, 420000),
('95779511', '95779', 11, 1, 6600000),
('95779704', '95779', 15, 1, 49500000);

-- --------------------------------------------------------

--
-- Table structure for table `thanhtoan`
--

CREATE TABLE `thanhtoan` (
  `MATHANHTOAN` varchar(225) NOT NULL,
  `MADP` varchar(100) NOT NULL,
  `NGAYGIOTT` varchar(50) NOT NULL,
  `THUE` int(50) NOT NULL,
  `TONGCHIPHI` int(50) NOT NULL
) ENGINE=InnoDB DEFAULT CHARSET=utf8 COLLATE=utf8_general_ci;

--
-- Dumping data for table `thanhtoan`
--

INSERT INTO `thanhtoan` (`MATHANHTOAN`, `MADP`, `NGAYGIOTT`, `THUE`, `TONGCHIPHI`) VALUES
('1233727023:04:37 06/05/2025', '12337', '23:04:37 06/05/2025', 68327, 216358327),
('1265389110:15:48 13/05/2025', '12653', '10:15:48 13/05/2025', 13781672, 161221672),
('1278692903:10:47 25/06/2025', '12786', '03:10:47 25/06/2025', 0, 400000),
('1435017115:28:30 06/05/2025', '14350', '15:28:30 06/05/2025', 205000, 3030000),
('1655918822:59:41 06/05/2025', '16559', '22:59:41 06/05/2025', 14505672, 157525672),
('2303274922:58:43 06/05/2025', '23032', '22:58:43 06/05/2025', 1521000, 9926000),
('2524768201:37:05 27/05/2025', '25247', '01:37:05 27/05/2025', 1300000, 8200000),
('2535615519:21:08 23/04/2025', '25356', '19:21:08 23/04/2025', 692000, 5752000),
('2864159702:33:36 25/06/2025', '28641', '02:33:36 25/06/2025', 0, 400000),
('3354952316:15:28 06/05/2025', '33549', '16:15:28 06/05/2025', 0, 400000),
('3547463723:45:22 07/05/2025', '35474', '23:45:22 07/05/2025', 21217672, 131077672),
('3731716117:10:33 22/06/2025', '37317', '17:10:33 22/06/2025', 16395000, 99570000),
('4069536613:27:30 24/04/2025', '40695', '13:27:30 24/04/2025', 4804000, 30424000),
('4273186401:59:29 29/05/2025', '42731', '01:59:29 29/05/2025', 0, 400000),
('4525399200:23:52 14/05/2025', '45253', '00:23:52 14/05/2025', 4000, 21624000),
('4672828316:15:34 06/05/2025', '46728', '16:15:34 06/05/2025', 86000, 4916000),
('4758831908:20:57 28/05/2025', '47588', '08:20:57 28/05/2025', 467000, 3202000),
('4810423111:37:56 13/05/2025', '48104', '11:37:56 13/05/2025', 0, 400000),
('5636881901:13:44 27/05/2025', '56368', '01:13:44 27/05/2025', 4620000, 30520000),
('5745732515:29:13 06/05/2025', '57457', '15:29:13 06/05/2025', 288000, 2128000),
('6054754119:10:28 23/04/2025', '60547', '19:10:28 23/04/2025', 4804000, 29624000),
('6160612801:54:05 27/05/2025', '61606', '01:54:05 27/05/2025', 943000, 6858000),
('6272147214:00:16 15/05/2025', '62721', '14:00:16 15/05/2025', 5200000, 31600000),
('6414925223:37:19 13/05/2025', '64149', '23:37:19 13/05/2025', 5158327, 250898327),
('6513580523:38:45 13/05/2025', '65135', '23:38:45 13/05/2025', 4389018, 656689018),
('6926452109:29:16 28/04/2025', '69264', '09:29:16 28/04/2025', 2805000, 17630000),
('6982942616:10:17 06/05/2025', '69829', '16:10:17 06/05/2025', 16849672, 149749672),
('6986188200:23:58 14/05/2025', '69861', '00:23:58 14/05/2025', 0, 13200000),
('7560979015:30:49 06/05/2025', '75609', '15:30:49 06/05/2025', 15273672, 154453672),
('7876986102:38:47 27/05/2025', '78769', '02:38:47 27/05/2025', 1332000, 8792000),
('7894144602:54:51 27/05/2025', '78941', '02:54:51 27/05/2025', 1139000, 7634000),
('7954729601:26:37 27/05/2025', '79547', '01:26:37 27/05/2025', 0, 400000),
('8672053002:26:14 27/05/2025', '86720', '02:26:14 27/05/2025', 1580000, 10280000),
('9323789519:14:27 23/04/2025', '93237', '19:14:27 23/04/2025', 11353000, 71118000),
('9479518100:24:33 14/05/2025', '94795', '00:24:33 14/05/2025', 480000, 3280000),
('9524779111:34:26 13/05/2025', '95247', '11:34:26 13/05/2025', 5964000, 36984000),
('9537176214:52:14 28/05/2025', '95371', '14:52:14 28/05/2025', 300000, 2200000);

--
-- Indexes for dumped tables
--

--
-- Indexes for table `customer`
--
ALTER TABLE `customer`
  ADD PRIMARY KEY (`MAKH`);

--
-- Indexes for table `datphong`
--
ALTER TABLE `datphong`
  ADD PRIMARY KEY (`MADP`),
  ADD KEY `MAPHONG` (`MAPHONG`);

--
-- Indexes for table `dichvu`
--
ALTER TABLE `dichvu`
  ADD PRIMARY KEY (`MADV`);

--
-- Indexes for table `phongks`
--
ALTER TABLE `phongks`
  ADD PRIMARY KEY (`MAPHONG`);

--
-- Indexes for table `sudungthemdichvu`
--
ALTER TABLE `sudungthemdichvu`
  ADD PRIMARY KEY (`MASDDV`),
  ADD KEY `MADV` (`MADV`),
  ADD KEY `MADP` (`MADP`);

--
-- Indexes for table `thanhtoan`
--
ALTER TABLE `thanhtoan`
  ADD PRIMARY KEY (`MATHANHTOAN`),
  ADD KEY `MADP` (`MADP`);
COMMIT;

/*!40101 SET CHARACTER_SET_CLIENT=@OLD_CHARACTER_SET_CLIENT */;
/*!40101 SET CHARACTER_SET_RESULTS=@OLD_CHARACTER_SET_RESULTS */;
/*!40101 SET COLLATION_CONNECTION=@OLD_COLLATION_CONNECTION */;
